[
  {
    "id": "0",
    "name": "Hero Spunky 26TSS",
    "hasDiscount": true,
    "discount": 25,
    "originalPrice": 4000,
    "image": "0.png",
    "star": 4
  },
  {
    "id": "1",
    "name": "Hero Skyper 26T",
    "hasDiscount": true,
    "discount": 30,
    "originalPrice": 2000,
    "image": "1.png",
    "star": 5
  },
  {
    "id": "2",
    "name": "Hercules Roadeo A50",
    "hasDiscount": true,
    "discount": 40,
    "originalPrice": 1700,
    "image": "2.png",
    "star": 3
  },
  {
    "id": "3",
    "name": "Hero Stomper 16",
    "hasDiscount": false,
    "originalPrice": 1950,
    "image": "3.png",
    "star": 4
  },
  {
    "id": "4",
    "name": "WaltX Trail 27.5 T",
    "hasDiscount": true,
    "discount": 25,
    "originalPrice": 2000,
    "image": "4.png",
    "star": 3
  },
  {
    "id": "5",
    "name": "Urban Terrain UT1000",
    "hasDiscount": false,
    "originalPrice": 1500,
    "image": "5.png",
    "star": 5
  }
]
